Uuid,Void/Retire,Fully specified name:en,Short name:en,Description:en,...,Normal low,Normal high,Allow decimals,Display precision,_version:1,_order:50,Data class,Data type,Answers
872a27ca-7019-458d-b785-a899199386db,,24 hour Urine Protein,URINE PROTEIN 24 HRS,,,,,,,,,LabTest,Text,
3c769848-d753-42cc-9978-562f388339bb,,5HIAA SCREEN URINE,5HIAA SCREEN URINE,,,,,,,,,LabTest,Text,
7b48300e-8c83-425b-b2a7-4c1d0003f130,,ACE,Angiotensin Converting Enzyme ( A.C.E.),,,,,,,,,LabTest,Text,
fd75c275-ccee-4b21-9406-6b0b8cbd148c,,Alanine Aminotransferase,Alanine Aminotransferase,,,,,,,,,LabTest,Numeric,
1dc767cc-46d1-4226-b346-1c17c9e3145f,,Albumin (Urine),Albumin,,,,,,,,,LabTest,Text,
0a447c5c-0965-4f6f-aa5e-49ab1c89bd69,,ALDOSTERONE,ALDOSTERONE,,,,,,,,,LabTest,Text,
50d98476-4a60-42a9-a937-b5a62637c16d,,Alkaline Phosphate,AP (ALKALINE PHOSPHATASE)-ISOENZYMES,,,,,,,,,LabTest,Numeric,
b9cc6526-b4bc-4590-ae0f-da6014fc1364,,Allergy IgE RAST Serological Test: Individual Allergen Test See Under RAST,Allergy IgE RAST Serological Test,,,,,,,,,LabTest,Text,
d97b53ae-5f73-42ad-9a4a-920ecfcc1576,,Amylase,Amylse Test,,,,,,,,,LabTest,Numeric,
a11b5655-9302-4c2d-9e29-bd0ad529ff1d,,ANF Screen [ANF + DNA ],ANF Screen [ANF + DNA ],,,,,,,,,LabTest,Text,
7d897422-4d1e-4a93-aa6a-b12d35b18524,,ANTI D,ANTI-Ds DNA,,,,,,,,,LabTest,Text,
44efa697-e278-4d5c-affa-ae1f721e91f1,,Anti Nuclear Factor,Anti Nuclear Factor,,,,,,,,,LabTest,Text,
308f83c6-1573-41e7-9f60-fd0040591841,,Antineutrophil cytoplasmic antibody (c-ANCA)Â ,Antineutrophil cytoplasmic antibody (c-ANCA)Â ,,,,,,,,,LabTest,Text,
82bb636a-57ee-4337-8309-52c52c21ce44,,ANTIPHOSPHOLIPID PROFILE,ANTIPHOSPHOLIPID PROFILE,,,,,,,,,LabTest,Text,
36b22daf-eae0-404d-9156-e50c2dffb003,,Antistreptolysin (Latex Test) Incl Litre,Antistreptolysin (Latex Test) Incl Litre,,,,,,,,,LabTest,Text,
12d7d84d-868d-4b23-97f1-756b26717413,,APTT,ACTIVATED PARTIAL THROMBOPLASTIN TIME (APTT),,,,,,,,,LabTest,Text,
9ced9891-b41e-4047-8636-9bb6521a2bb6,,Asitic Fluid,ASCITIC FLUID LACTATE DEHYDROGENASE (LDH),,,,,,,,,LabTest,Text,
f57b8abf-c11e-4024-8165-9b7ccdc6fc67,,Aspartate Aminotransferase,Aspartate Aminotransferase,,,,,,,,,LabTest,Numeric,
842c3a82-e613-4f89-9121-a701e85f7411,,ASPIRATE FOR CYTOLOGY,ASPIRATE FOR CYTOLOGY,,,,,,,,,LabTest,Text,
a8177814-a9b6-4387-96ec-3c83805ea575,,B 2-MICROGLOBULIN,BETA-2 MICROGLOBULIN (B2M) in serum,,,,,,,,,LabTest,Text,
00f880b5-d561-41df-9d58-f6fcbe0257ec,,BARBITURATES - URINE,BARBITURATES - URINE,,,,,,,,,LabTest,Text,
ea2c5ed4-25cb-49b4-bc83-64cac7d47172,,BCR/ABL PCR PHELADELPHIA CHROMOSOME,BCR/ABL PCR PHELADELPHIA CHROMOSOME,,,,,,,,,LabTest,Text,
7ca1aab5-e420-4f9b-909e-b3081d7b5856,,Bence Jones Protein,Urine Bence Jones Protein,,,,,,,,,LabTest,Text,
d39adf68-8b25-4cb9-a597-7dffe0241c06,,BENZODIAZEPINE,BENZODIAZEPINE,,,,,,,,,LabTest,Text,
54d1749f-5788-44d8-acc8-ceaf4eb38e31,,Bilharia Ab.[ELISA-IgM],Bilharia Ab.[ELISA-IgM],,,,,,,,,LabTest,Text,
687c767f-d968-4b4a-afc9-f3c99f54f313,,Bilirubin Total,Bilirubin(Total/Dirct),,,,,,,,,LabTest,Numeric,
2ee723f7-6afd-49a5-b190-abe5505dc853,,BLEEDING  AND  CLOTTING TIME,BLEEDING  AND  CLOTTING TIME,,,,,,,,,LabTest,Text,
5a993557-b47c-427c-87d9-abc9c32951f0,,Bleeding Time,BLEEDING TIME (BT),,,,,,,,,LabTest,Text,
ae6c22ae-3722-4cf7-9fa1-97cd3b991467,,Blood Cross Matching (Per Unit),Blood Cross Matching (Per Unit),,,,,,,,,LabTest,Text,
77e46b97-8cfc-4234-8374-e8a4d18b48af,,BLOOD EXCHANGE TRANSFUSION,BLOOD EXCHANGE TRANSFUSION,,,,,,,,,LabTest,Text,
f8ca5471-4e76-4737-8ea4-7555f6d5af0f,,Blood Group,BLOOD GROUP,,,,,,,,,LabTest,Text,
c78143c5-4c08-4150-a724-e8bfb6b5163e,,Blood Sugar Random,Random Blood Sugar,,,,,,,,,LabTest,Numeric,
85055656-bf2c-481a-be19-a7ab5c327c57,,BLOOD/FLUID CHEMICAL ANALYSIS,BLOOD/FLUID CHEMICAL ANALYSIS,,,,,,,,,LabTest,Text,
ed3201db-601f-4bab-a941-28f60fbcbee3,,BLUCELLA IGG + IGM (ELISA),BLUCELLA IGG + IGM (ELISA),,,,,,,,,LabTest,Text,
094dcd12-a48a-42d8-b0f7-21b8174183f4,,BRUCELLA IGM ELISA,BRUCELLA IGM ELISA,,,,,,,,,LabTest,Text,
21160BBBBBBBBBBBBBBBBBBBBBBBBBBBBBBB,,Brucellosis,BRUCELLOSIS (BANGS DISEASE) IGG,,,,,,,,,LabTest,Text,
fe7cd1e1-8da1-4cba-98e9-3774afb6b70f,,CA 15-3,CA-15-3,,,,,,,,,LabTest,Text,
47388a29-1363-423e-9518-5dc9b7235ab0,,CA 19-9,CA-19-9,,,,,,,,,LabTest,Text,
c7e684bd-1544-4d37-ba57-cd4761f0c86b,,CA-125,CA- 125,,,,,,,,,LabTest,Text,
85055656-bf2c-481a-be19-a7ab5c327c57,,CA-72-4,CA-72-4,,,,,,,,,LabTest,Text,
0a1d2888-fd53-4031-9470-ca2140f997a9,,Calcium,Calcium Test,,,,,,,,,LabTest,Numeric,
ed3201db-601f-4bab-a941-28f60fbcbee3,,CANNABIS URINE,CANNABIS URINE,,,,,,,,,LabTest,Text,
aa367bfd-3846-4792-888d-32b13b13933b,,Carbamazine,"CARBAMAZAPINE(TEGRETOL),SERUM",,,,,,,,,LabTest,Text,
3d350a14-2eb9-4a2d-99f5-6dbc58d0c734,,CARDIOLIPIN,CARDIOLIPIN,,,,,,,,,LabTest,Text,
788fcb45-d318-457a-837b-644e9ec09062,,CBC/PBF + ESR,CBC/PBF + ESR,,,,,,,,,LabTest,Text,
127b5710-d27c-4338-8d52-3fc376e57b23,,CD4 CD8 &VIRAL LOAD,CD4 CD8 &VIRAL LOAD,,,,,,,,,LabTest,Text,
4d1f1868-982e-4934-a9a0-545109b41b4e,,CD4 count,CD4 COUNT,,,,,,,,,LabTest,Numeric,
2ef7c50a-df41-4805-a3f1-d35d26925eb1,,CEA,Cea (Carcino Embryonic Antigen),,,,,,,,,LabTest,Text,
c9775b9f-fbd8-4e9d-bcbf-7d34a27d9460,,Cercarial IFA [IgA],Cercarial IFA [IgA],,,,,,,,,LabTest,Text,
f43c45f5-b3ce-4a1b-ab17-7e0de6ee85cd,,Cercarial IFA [IgM],Cercarial IFA [IgM],,,,,,,,,LabTest,Text,
ce9b0133-326e-4396-8bd6-6dc234cfc127,,PCR Chlamydia Trachomatis,PCR Chlamydia Trachomatis,,,,,,,,,LabTest,Text,
5322bb51-2e3d-484d-8125-2f60057c9860,,CHLAMYDIA PCR,CHLAMYDIA PCR,,,,,,,,,LabTest,Text,
78c30359-47bb-49b8-af55-85bb996f5830,,Chloride,Chloride Test,,,,,,,,,LabTest,Numeric,
3d9747a2-5bc2-45ff-9905-5b486ba40748,,Cholesterol,Cholesterol,,,,,,,,,LabTest,Text,
de4c449a-73a7-4f02-80fc-27fe85f34247,,CHOLINESTERASE,CHOLINESTERASE,,,,,,,,,LabTest,Text,
f72a35f7-f08f-4786-bd22-3e90dfa29f4d,,Clotting Time,CLOTTING TIME (CT),,,,,,,,,LabTest,Numeric,
23d57b7e-dfa5-47f3-ac37-b042ce296b4f,,Cmv Pcr,Cmv Pcr,,,,,,,,,LabTest,Text,
69e59699-6e83-46ea-82f2-11095c820c5e,,CMV QUANTITATIVE PCR,CMV QUANTITATIVE PCR,,,,,,,,,LabTest,Text,
611a3699-7794-450d-9a60-e926ee0d3cc0,,"Coagulation Screen (H`Gram Platelets,Bleeding Time,Pt1,Appt","Coagulation Screen (H`Gram Platelets,Bleeding Time,Pt1,Appt",,,,,,,,,LabTest,Text,
05043d10-5c20-4399-8c3d-6715a0f8d60e,,COCAINE - URINE,COCAINE - URINE,,,,,,,,,LabTest,Text,
78f35153-8a30-4ebd-9911-1450d78fbb00,,COLD AGGLUTININS,COLD AGGLUTININS,,,,,,,,,LabTest,Text,
b618e187-93ec-4233-b4d6-b9e96e28d837,,COMPLEMENT (C3),COMPLEMENT C3,,,,,,,,,LabTest,Text,
f7539b2b-fafc-46a3-912b-40be42c47062,,COMPLEMENT (C4),COMPLEMENT C4,,,,,,,,,LabTest,Text,
1d055e6f-84ac-4d9d-8337-2f43f669d87d,,Coombs Test (Direct),Direct Coomb`S Test,,,,,,,,,LabTest,Text,
b5acd560-bd7e-45eb-b00a-d6b4ee45f737,,Coombs Test (Indirect),Indirect Coomb`S Test,,,,,,,,,LabTest,Text,
3d623762-36af-4742-b503-d2d191574caa,,CRAG Test,Crag Test,,,,,,,,,LabTest,Text,
bd2f0885-1a8e-4dd5-89a8-5d51724a9055,,CREATIN (DIFFERENT FROM CREATININE),CREATIN (DIFFERENT FROM CREATININE),,,,,,,,,LabTest,Text,
e1945bb9-596d-43d9-9046-3f160e21378d,,Creatinine,CREATININE,,,,,,,,,LabTest,Text,
ebf76907-13e5-4a7b-9397-3cb54e2f3880,,CREATININE CLEARANCE TEST,CREATININE CLEARANCE TEST,,,,,,,,,LabTest,Text,
d2867e9d-41d5-42d0-8dbe-4390897846a0,,"CREATININE CLEARANCE, uncorrected","CREATININE CLEARANCE, uncorrected",,,,,,,,,LabTest,Text,
2dbede03-44f1-4076-8b38-4e89ee760a88,,Creatinine Clearance,CREATININE CLEARANCE-corrected,,,,,,,,,LabTest,Numeric,
372f1e3e-73d3-4b5c-8d68-a068e90e0b1d,,Creatinine Kinase,Creatinine Kinase Mb Fraction,,,,,,,,,LabTest,Text,
94ef031a-6bde-4c73-9573-2936ef092878,,CROSS MATCH PER UNIT-FFP,CROSS MATCH PER UNIT-FFP,,,,,,,,,LabTest,Text,
d512cab0-37b3-4d56-ae30-734a3225b027,,CRP,C - Reactive Protein (Crp),,,,,,,,,LabTest,Text,
e10ddaa4-1172-4dd4-a7f6-8fb818a3e53f,,Csf Biochemistry,Csf Biochemistry,,,,,,,,,LabTest,Text,
511feffe-4815-419a-8c9b-28ec3e248f5a,,Csf Culture & Sensitivity,Csf Culture & Sensitivity,,,,,,,,,LabTest,Text,
353b4c2a-5032-44b4-9c49-fb418ac2b7c3,,CSF India ink,CSF INDIAN INK,,,,,,,,,LabTest,Text,
5028086e-2eb8-4f58-8f17-079079736b0f,,CSF MICROSCOPY (WET PREP/GRAM STAIN),CSF MICROSCOPY (WET PREP/GRAM STAIN),,,,,,,,,LabTest,Text,
07012568-e2e3-4f5e-b650-0bc792673509,,CSF PROFILE,CSF PROFILE,,,,,,,,,LabTest,Text,
40c927a8-1544-4a48-9720-e6b223611584,,CSF Total Protein,CSF Total Protein,,,,,,,,,LabTest,Numeric,
2ff87d8f-442a-45b1-adef-f952663c001c,,Culture (Blood),BLOOD CULTURE & SENSITIVITY,,,,,,,,,LabTest,Text,
124df5ea-b28d-45af-b875-6a05aa337735,,Culture (Stool),Stool Culture & Sensitivity,,,,,,,,,LabTest,Text,
4c786b9a-40d3-4a07-af41-fd5c56fd5f99,,Culture (Urine),Urine Culture,,,,,,,,,LabTest,Text,
5677f5ea-c101-4d97-894f-09a282d59e61,,"CULTURE &SENSITIVITY EACH (urine stool,throat swab, hvs","CULTURE &SENSITIVITY EACH (urine stool,throat swab, hvs",,,,,,,,,LabTest,Text,
194c4a36-a4ec-4057-ade0-7241dd22554b,,CYCLOSPORIN,CYCLOSPORIN,,,,,,,,,LabTest,Text,
d9f54bc5-cd8b-4094-8d4e-6134fdf25242,,CYSTERCERCOSIS IGG - SERUM,CYSTERCERCOSIS IGG - SERUM,,,,,,,,,LabTest,Text,
b48b9084-7793-4186-af0b-b2f1cba71cdd,,Cytology (Plural Fluid),PLEURAL FLUID CYTOLOGY,,,,,,,,,LabTest,Text,
0cc3bf73-835d-4db8-a165-86e7899f0154,,D-dimer,D-Dimer,,,,,,,,,LabTest,Text,
72005c75-6d84-468e-a28e-43ca17a7216a,,Digoxin,DIGOXIN LEVELS,,,,,,,,,LabTest,Text,
bd7b66b2-0e1a-4bb7-9d44-2a577384a5d1,,Du test,Du test,,,,,,,,,LabTest,Text,
cecd2ef1-e2c8-4f81-bd9c-bf04141b2a96,,ELECTROLYTES NA+ & K+,ELECTROLYTES NA+ & K+,,,,,,,,,LabTest,Text,
3cd1a55e-ef42-457c-ba49-ea93862c6857,,EMERGENCY HIV SCREENING,EMERGENCY HIV SCREENING,,,,,,,,,LabTest,Text,
131e3e68-6832-479d-81dd-6d8c4e078fe1,,ENDOMYSIUM ANTIBODIES IGA,ENDOMYSIUM ANTIBODIES IGA,,,,,,,,,LabTest,Text,
14d8c174-2723-4f0c-bc35-5d0eb09610d5,,ENTAMOEBA HISTOLYTICA ANTIBODY,ENTAMOEBA HISTOLYTICA ANTIBODY,,,,,,,,,LabTest,Text,
64af84a4-2a54-4140-9c3b-e603c7d8592d,,Erythrocyte Sedimentation rate,Erythrocyte Sedimentation Rate(Esr),,,,,,,,,LabTest,Numeric,
c006e1d8-4073-4074-9a35-38875a84bfbe,,ESR,HB+ESR,,,,,,,,,LabTest,Text,
2af40099-7ec5-471f-8e14-70051bec9cea,,ESTROGEN/ESTRADIOL(E2),ESTROGEN/ESTRADIOL(E2),,,,,,,,,LabTest,Text,
f0212989-519c-429d-b0ad-ecf0d8506152,,ETHANOL SERUM,ETHANOL SERUM,,,,,,,,,LabTest,Text,
af706427-e2b7-42c0-8717-954133463ef3,,EXTRACTABLE NUCLEAR ANTIGEN (ENA) ANTIBODIES," EXTRACTABLE NUCLEAR ANTIGEN (ENA) ANTIBODIES",,,,,,,,,LabTest,Text,
38e31e15-e017-45a2-a5ae-a6f70ba1799a,,Fasting Blood Sugar,Fasting Blood Sugar,,,,,,,,,LabTest,Text,
1e564728-586c-4503-90db-e58cc4beb4dc,,Fluid - MCS,Fluid - MCS,,,,,,,,,LabTest,Text,
96bce23c-075e-4c80-a1ed-9956535e8cf4,,FLUID ALBUMIN,FLUID ALBUMIN,,,,,,,,,LabTest,Text,
9486be67-f05f-44a3-8962-0746f0904f1b,,Folic Acid,Folic Acid (Folate),,,,,,,,,LabTest,Text,
df10a86b-b868-49fd-9e57-c1b00912dc6e,,FOOD ANALYSIS FULL PANEL,FOOD ANALYSIS FULL PANEL,,,,,,,,,LabTest,Text,
37ef1e9b-2b6c-4f7a-828c-8ae9ab814077,,FSH Test,FOLLICLE STIMULATING HORMONE (FSH),,,,,,,,,LabTest,Numeric,
597188b7-a8cf-4f1e-b1ee-29ca37700567,,FT4,Free Thyroxine(Ft4),,,,,,,,,LabTest,Numeric,
d7a5da12-702f-4053-a3b0-fb8f6746821c,,FUNGAL CULTURE  AND  SENSITIVITY,FUNGAL CULTURE  AND  SENSITIVITY,,,,,,,,,LabTest,Text,
f870480f-1aa8-4073-8e57-5336b47ebcc2,,FUNGUS CULTURE,FUNGUS CULTURE,,,,,,,,,LabTest,Text,
6ecd4fd7-371e-4f35-901b-2147dc016399,,FUNGUS KOH ONLY,FUNGUS KOH ONLY,,,,,,,,,LabTest,Text,
55aea365-689c-4365-abda-18e6dbff1f2c,,G6PD,G6PD QUANTITATIVE,,,,,,,,,LabTest,Text,
ac0743b9-8006-409f-a4b7-b89ba3fa3757,,Gamma-GT,GAMMA GT (gamma-glutamyl transferase) TEST,,,,,,,,,LabTest,Numeric,
de6e9274-b0a5-44ac-a5f2-c0f33c65c783,,GENERAL ARTHRITIS SCREEN,GENERAL ARTHRITIS SCREEN,,,,,,,,,LabTest,Text,
0e00fb63-039d-4cfe-ac61-249e9875935a,,General consumables costs,General consumables costs,,,,,,,,,LabTest,Text,
3348fe03-ad5e-462b-ad1e-d7c090533a28,,Glucose (CSF),CSF GLUCOSE,,,,,,,,,LabTest,Numeric,
e188a090-dd7b-43a3-b8eb-2f644ff72c17,,Glucose Tolerance Test (4 Samples),Glucose Tolerance Test (4 Samples),,,,,,,,,LabTest,Numeric,
520b91a3-cde7-437d-a5d0-abe1467ad3fc,,GLUCOSE TOLERANCE TEST / GTT,GLUCOSE TOLERANCE TEST / GTT,,,,,,,,,LabTest,Text,
ff30140f-a4cf-4921-93cf-139e542d26dd,,Glycosylated Haemoglobin (Hb Aic),Glycosylated Haemoglobin (Hb Aic),,,,,,,,,LabTest,Numeric,
dc1542ec-4e14-11e4-8a57-0800271c1b75,,"Gonorrhea, acute, lower GU tract",Gonorrhea,,,,,,,,,LabTest,Text,
1bc08223-060f-454e-951f-ef182e43b983,,GRAM STAIN REPORTING,GRAM STAIN REPORTING,,,,,,,,,LabTest,Text,
bda08489-904b-4b5e-86b6-b87175269d97,,GROUPING AND CROSS MATCHING (GXM)(Blood Group Compatibility),GROUPING AND CROSS MATCHING (GXM)(Blood Group Compatibility),,,,,,,,,LabTest,Text,
f503df99-c002-45e5-8793-588c94131a25,,GROWTH HORMONE,GROWTH HORMONE,,,,,,,,,LabTest,Text,
3c2a1d8e-868f-4764-a4d0-491f58db989e,,H.pylori,H.pylori,,,,,,,,,LabTest,Text,
f6eded9f-6f24-42ef-bd8e-7759fdd32c3a,,H PYLORI  IGG ANTIBODIES,H PYLORI  IGG ANTIBODIES,,,,,,,,,LabTest,Text,
6b443e16-c613-4a2e-a5e1-e9b5efc18543,,H. Pylori,H.Pylori Antigen Detection In Stool,,,,,,,,,LabTest,Text,
fe769568-16da-4d9e-9c99-fbed0a8a60f5,,Haemoglobin,Haemoglobin,,,,,,,,,LabTest,Numeric,
03b850ed-9474-41e2-affa-3f42c5c997fc,,Full Haemogram,Full Haemogram,,,,,,,,,LabTest,Text,
03b850ed-9474-41e2-affa-3f42c5c997fc,,FULL BLOOD COUNT (HAEMOGRAM),FULL BLOOD COUNT (HAEMOGRAM),,,,,,,,,LabTest,Text,
03b850ed-9474-41e2-affa-3f42c5c997fc,,Haemogram,PBF & FULL HAEMOGRAM,,,,,,,,,LabTest,Text,
e753cf58-0114-423b-8b27-0aac95d96ccd,,"Haemolytic Screen-H`Gram,Retics,Combs Direct & Indirect","Haemolytic Screen-H`Gram,Retics,Combs Direct & Indirect",,,,,,,,,LabTest,Text,
b59c4919-0d3f-4122-abaa-39b1761b85f1,,HAPTOGLOBIN,HAPTOGLOBIN,,,,,,,,,LabTest,Text,
b354517a-c98b-4bcc-98a5-84037842d626,,Hb Electrophoresis,HB ELECTROPHORESIS,,,,,,,,,LabTest,Text,
2b0a973d-01b3-4896-8edd-517535bdad98,,HDL CHOLESTROL,HDL  CHOLESTROL,,,,,,,,,LabTest,Text,
dbe6025f-e96c-4382-9469-5580fd395f18,,Hemoglobin A1c (HbA1c),Hemoglobulin,,,,,,,,,LabTest,Numeric,
b27ec420-4ceb-4d58-b027-0f2cadb50e7a,,HEP A + B STATUS - IMMUNE,HEP A + B STATUS - IMMUNE,,,,,,,,,LabTest,Text,
51205c5a-5a9d-4dc4-9925-2d892c1743db,,HEP A IGG ANTIBODY,HEP A IGG ANTIBODY,,,,,,,,,LabTest,Text,
8f96131d-8a3c-4446-96d8-829ba67e036c,,HEP B DIAGNOSTIC/QUALITATIVE PCR,HEP B DIAGNOSTIC/QUALITATIVE PCR,,,,,,,,,LabTest,Text,
b7ca2bbd-75f3-4ee5-b9fd-a8a20849fd12,,HEP C DIAGNOSTIC/QUALITATIVE PCR,HEP C DIAGNOSTIC/QUALITATIVE PCR,,,,,,,,,LabTest,Text,
9163ac9b-0719-43a4-b444-c954b818ab6c,,HEP C GENOTYPE PCR,HEP C GENOTYPE PCR,,,,,,,,,LabTest,Text,
13104829-17fc-4804-bbd8-8fbd9b9cf7ed,,HEP C VIRAL LOAD PCR QUANTITATIVE,HEP C VIRAL LOAD PCR QUANTITATIVE,,,,,,,,,LabTest,Text,
6c180e83-da15-4a35-944b-db8bc658b14f,,"HEPATITIS A, B, C IMMUNITY","HEPATITIS A, B, C IMMUNITY",,,,,,,,,LabTest,Text,
c3fc4f0f-7d7e-4902-895a-c549079308c7,,"Hepatitis A Virus Surface Antigen (HAsAg, HAV)","Hepatitis A Virus Surface Antigen (HAsAg, HAV)",,,,,,,,,LabTest,Text,
da6491b8-37a5-440a-9f5a-87f9ac830705,,Hepatitis A Ig M,Hepatitis A Ig M,,,,,,,,,LabTest,Text,
c7623926-a1e2-4bde-add5-af1f7ad24ded,,"HEPATITIS ACUTE SCREEN A,B","HEPATITIS ACUTE SCREEN A,B",,,,,,,,,LabTest,Text,
e9ba1bc4-b457-4573-9717-9b7d02addf6d,,HEPATITIS B CORE ANTIBODY (IGM),HEPATITIS B CORE ANTIBODY (IGM),,,,,,,,,LabTest,Text,
c3e8bb33-0090-4716-9137-67b51117397d,,HEPATITIS B SURFACE ANTIBODY (HBSAB),HEPATITIS B SURFACE ANTIBODY (HBSAB),,,,,,,,,LabTest,Text,
83959d5a-1ca1-479c-b46d-885e6b7d7adc,,Hepatitis B Antigen E,Hepatitis B Antigen E,,,,,,,,,LabTest,Text,
0674b676-c7a7-47b9-9484-e9c430a5b8c2,,Hepatitis B C Antibody (Igm),Hepatitis B C Antibody (Igm),,,,,,,,,LabTest,Text,
074c630b-56b1-49a9-aa56-ec7d7468331f,,"HEPATITIS B, E-ANTIBODY","HEPATITIS B, E-ANTIBODY",,,,,,,,,LabTest,Text,
6801bb94-5d6a-4263-acba-6a0a54112556,,HEPATITIS B CORE (TOTAL Ab+ IGM),HEPATITIS B CORE (TOTAL Ab+ IGM),,,,,,,,,LabTest,Text,
f837dd0c-9c2c-4167-884e-7b1f22a240a1,,HEPATITIS B PCR QUANTITATIVE (DNA Viral Load),HEPATITIS B PCR QUANTITATIVE (DNA Viral Load),,,,,,,,,LabTest,Text,
6d86988d-f152-4f14-a652-17ef03d6e0ce,,"HEPATITIS B, LAB ORDER",HEPATITIS B,,,,,,,,,LabTest,Text,
d1bb6b53-2aa4-4b11-aa32-d4e3739729d4,,"Hepatitis C Surface Antigen (HCsAg, HCV)","Hepatitis C Surface Antigen (HCsAg, HCV)",,,,,,,,,LabTest,Text,
ac974f5e-c759-40b9-bb5e-0eaae7427de4,,Hepatitis C,Hepatitis C,,,,,,,,,LabTest,Text,
5fc3b146-2bfe-4972-85fd-cf9799d9c913,,Hepatitis Surface Antigen Titres Hbsagt,Hepatitis Surface Antigen Titres Hbsagt,,,,,,,,,LabTest,Text,
d0a66c85-1bd1-4ae9-aed3-7fddf87680cf,,Herpes Zoster Opportunistic Infection,Herpes Zoster/Varicella Igg,,,,,,,,,LabTest,Text,
d0a66c85-1bd1-4ae9-aed3-7fddf87680cf,,HERPES ZOSTER/ VARICELLA IGM,HERPES ZOSTER/ VARICELLA IGM,,,,,,,,,LabTest,Text,
650bdb6a-28c5-43b7-90a3-5ead7bfc2c1a,,HIGH VAGINAL SWAB - MICROSCOPY CULTURE AND SENSITIVITY,HIGH VAGINAL SWAB - MICROSCOPY CULTURE AND SENSITIVITY,,,,,,,,,LabTest,Text,
dd8d600b-d177-4b35-98e9-0c8e2a5236ee,,HIV ELISA (Serum),HIV ELISA,,,,,,,,,LabTest,Text,
abc1185e-3cb8-4745-95c7-a0f6d8efdb8c,,Hiv Therapeutic Drug Resistance,Hiv Therapeutic Drug Resistance,,,,,,,,,LabTest,Text,
01c3ce55-b7eb-45f5-93d5-bace353e3cfd,,"HIVTC, Viral Load",HIV  VIRAL LOAD (QUANTITATIVE) EXTERNAL,,,,,,,,,LabTest,Text,
00d811aa-6090-4122-b974-4e837bc1916d,,HLA B27,Hla B27,,,,,,,,,LabTest,Text,
6e8f407d-77cc-49d4-8950-3d03424bb21c,,HLA LUMINEX ANTIBODIES,HLA LUMINEX ANTIBODIES,,,,,,,,,LabTest,Text,
ea35391d-6d09-4f99-b9e4-c8481c54f2f6,,Homocysteine,HOMOCYSTEINE,,,,,,,,,LabTest,Text,
2793c91e-9e5f-4cf8-9cf0-4780d2bdaa3e,,HPLC,THALASSAEMIA SCREEN(HPLC METHOD),,,,,,,,,LabTest,Text,
b70dfca0-db21-4533-8c08-4626ff0de265,,"HTC, HIV Test",HIV I & II TEST,,,,,,,,,LabTest,Text,
0c6f7e88-e402-4356-986a-349acd855bb8,,Human leukocyte antigen (ANTI HLA ANTIBODIES).,Human leukocyte antigen (ANTI HLA ANTIBODIES).,,,,,,,,,LabTest,Text,
1bca9278-1f7e-45b3-ab1d-312203b1aebf,,HVS CULTURE & SENSITIVITY,HVS CULTURE & SENSITIVITY,,,,,,,,,LabTest,Text,
65ee9b64-e894-4e2a-9616-7fd428d1d3d4,,"IMMUNOGLOBULIN PROFILE  (IGA, IGG, IGM)","IMMUNOGLOBULIN PROFILE  (IGA, IGG, IGM)",,,,,,,,,LabTest,Text,
1fa53cd0-4e15-11e4-8a57-0800271c1b75,,Infertility,INFERTILITY SCREEN (MALE),,,,,,,,,LabTest,Text,
b97bb1ab-ed7c-4261-bd56-3b56a12e6429,,INR,INR- International normal ratio,,,,,,,,,LabTest,Numeric,
21f233f2-ed14-443b-8aa9-4c0723782cf3,,INSULIN LINKED GROWTH FACTOR 1 IGF-1,INSULIN LINKED GROWTH FACTOR 1 IGF-1,,,,,,,,,LabTest,Text,
9e70c564-65d9-4daa-92d7-6165415c7567,,INTRINSIC FACTOR ANTIBODIES,INTRINSIC FACTOR ANTIBODIES,,,,,,,,,LabTest,Text,
be310f6d-80e6-4a8b-b744-b51c241c1e5e,,IRON PROFILE,IRON PROFILE,,,,,,,,,LabTest,Text,
f8156ef6-2c61-4b02-b0ed-b9cdc86e242e,,Karyotyping,Karyotyping,,,,,,,,,LabTest,Text,
2442addf-4f97-439f-b57a-049f00cfc7f8,,KARYOTYPING - AMNIOTIC FLUID,KARYOTYPING - AMNIOTIC FLUID,,,,,,,,,LabTest,Text,
b79bb654-9777-45ae-a0f2-8da492610623,,KARYOTYPING - CHORIONIC VILLUS,KARYOTYPING - CHORIONIC VILLUS,,,,,,,,,LabTest,Text,
6ffa86c3-071d-4d74-97a9-bcd275b006a0,,Lab Tests (ESR),Lab Tests (ESR),,,,,,,,,LabTest,Numeric,
2ab4aae7-1421-45e9-9e48-8111be35acf8,,Lactate Dehydrogenase,Lactate Dehydrogenase,,,,,,,,,LabTest,Text,
be3933e3-03d3-40ab-a4eb-7362a31b9c9f,,"LARGE BIOPSIES (PROSTATECOMY BIOPSY,BREAST LUMP,GALL BLADDER)","LARGE BIOPSIES (PROSTATECOMY BIOPSY,BREAST LUMP,GALL BLADDER)",,,,,,,,,LabTest,Text,
7c2a61ac-baa6-4eee-a768-e8ddd5822a68,,LDL-CHOLESTEROL,LDL-CHOLESTEROL,,,,,,,,,LabTest,Text,
14559e05-5678-4216-af7d-941c0fa091bb,,LEGIONARES` DISEASE,LEGIONARES` DISEASE,,,,,,,,,LabTest,Text,
b0e191e8-e692-4548-b1f5-fa563a9300eb,,Lipase (Serum),Lipase,,,,,,,,,LabTest,Text,
0a785a57-6216-4a1a-893a-5b1f8cdaa3f8,,Lipid Profile,Lipid Profile,,,,,,,,,LabTest,Text,
654c855c-0e3d-444f-8f1c-524fd7de383e,,Liver Function,Liver Function,,,,,,,,,LabTest,Text,
dc5be9ad-4e14-11e4-8a57-0800271c1b75,,Lyme disease,LYME DISEASE ANTIBODIES,,,,,,,,,LabTest,Text,
fc99bb42-2d80-44b5-b435-5cf3ed3230da,,LYMPHOCYTOTOXIC CROSS MATCH,LYMPHOCYTOTOXIC CROSS MATCH,,,,,,,,,LabTest,Text,
cfc68437-4e98-4c98-b7f9-a787c68d82ad,,Magnesium,Magnesium level,,,,,,,,,LabTest,Numeric,
1b9bec05-f207-46ba-afc2-4566998782ad,,MALARIA FILMS & ANTIGEN,MALARIA FILMS & ANTIGEN,,,,,,,,,LabTest,Text,
e5e5973a-5fbe-4629-a883-d45b335d9b0f,,MALARIA PARASITE SMEAR(BS FOR MPS),MALARIA PARASITE SMEAR(BS FOR MPS),,,,,,,,,LabTest,Text,
da31900d-d613-4e4a-a862-539e8fb16c0f,,Screening For Malaria Parasites,Screening For Malaria Parasites,,,,,,,,,LabTest,Text,
4b5de5cb-786b-47e5-93e2-6d67aa91e212,,MEASLES ABS - SERUM(IGG + IGM),MEASLES ABS - SERUM(IGG + IGM),,,,,,,,,LabTest,Text,
d9da9b69-2a36-4e37-9991-21dfef6ed87e,,Measles Igg,Measles Igg,,,,,,,,,LabTest,Text,
3882d9a3-960a-47ad-95fe-e1a0bb22b114,,"MEASLES, IGM","MEASLES, IGM",,,,,,,,,LabTest,Text,
d71716d9-0f54-4018-8232-0b306c273f26,,Microfilaria (2 Specimens),Microfilaria (2 Specimens),,,,,,,,,LabTest,Text,
368572b4-28c2-4f4e-9bcc-347b2f3cfc1b,,Microscopy of KOH mount,FUNGAL SMEAR (KOH) MICROSCOPY,,,,,,,,,LabTest,Text,
33579BBBBBBBBBBBBBBBBBBBBBBBBBBBBBBB,,MUMPS ABS (IGG + IGM),MUMPS ABS (IGG + IGM),,,,,,,,,LabTest,Text,
33579BBBBBBBBBBBBBBBBBBBBBBBBBBBBBBB,,MUMPS IGG,MUMPS IGG,,,,,,,,,LabTest,Text,
33579BBBBBBBBBBBBBBBBBBBBBBBBBBBBBBB,,Mumps,MUMPS IGM,,,,,,,,,LabTest,Text,
d49552a8-b592-4d9c-9075-ceedc964434e,,Myoglobin,MYOGLOBIN,,,,,,,,,LabTest,Text,
d7fc5b83-a7cd-4f43-a91c-9115e6d3d037,,NASAL SWAB MCS,NASAL SWAB MCS,,,,,,,,,LabTest,Text,
770b346d-c700-4944-be11-65cedcaf4765,,Neutrophil,WHITEBLOOD  CELL COUNT (NEUTROPHILS),,,,,,,,,LabTest,Text,
8d7b8a64-9a07-4fee-82d4-a91d3decf3fe,,OPIATES - URINE,OPIATES - URINE,,,,,,,,,LabTest,Text,
959c8288-a5b1-4257-858c-db25b6c1ad9a,,OSMOTIC RESISTANCE,OSMOTIC RESISTANCE,,,,,,,,,LabTest,Text,
9881091b-1802-4c62-8b80-a8fcb170b59f,,Paracetamol,PARACETAMOL TEST,,,,,,,,,LabTest,Text,
4ef8c418-0045-473a-91bc-23ee66bfffe1,,Parathormone,Parathormone,,,,,,,,,LabTest,Text,
6d09b14b-c521-4646-9285-06f6a51e89e1,,PATERNITY TEST - X1,PATERNITY TEST - X1,,,,,,,,,LabTest,Text,
5826a6ca-364d-4188-a256-5e3b94bfbb22,,PAUL BUNNELL TEST,PAUL BUNNELL TEST,,,,,,,,,LabTest,Text,
b6b4a71a-747c-4998-ab70-865619ca31b8,,PCR-HEP C VIRAL LOAD,PCR-HEP C VIRAL LOAD,,,,,,,,,LabTest,Text,
8c271747-d644-454d-bbe8-8ece22b3a071,,PCR-HIV DNA DETECTION(CONFIRMATORY),PCR-HIV DNA DETECTION(CONFIRMATORY),,,,,,,,,LabTest,Text,
1a960efd-cd80-49e4-9c5d-1812c0095848,,PCR-TB (FULL WORK UP),PCR-TB (FULL WORK UP),,,,,,,,,LabTest,Text,
885e1f5c-ad78-4614-98a6-b03760030a11,,Phenytoin,PHENYTOIN / DILANTIN,,,,,,,,,LabTest,Text,
d2612219-dcc3-4b58-a534-4edef54799cf,,"PHOSPHATE inorganic, serum","PHOSPHATE inorganic, serum",,,,,,,,,LabTest,Text,
4ca99ca5-fe22-4c16-b82b-b067409fc043,,Phosphorous,Phosphorus,,,,,,,,,LabTest,Text,
eddf74f8-a29d-4014-b3e8-187d021e9ac4,,Platelets,PLATELETS,,,,,,,,,LabTest,Numeric,
34b92e4b-59bd-4b25-9897-2e6b1f012ac8,,Pleural Fluid,PLEURAL FLUID PROFILE,,,,,,,,,LabTest,Text,
a1ad661b-b639-4b98-9244-d7a462cb6d30,,Potassium,Potassium,,,,,,,,,LabTest,Numeric,
122abf76-fd6c-4fa5-ba7b-a95b600150ea,,Pregnancy Test (URINE),Pregnancy Test (URINE),,,,,,,,,LabTest,Text,
46bd06cf-f792-4078-9e1b-add6954a6de4,,Protein (Serum),SERUM PROTEIN,,,,,,,,,LabTest,Text,
46bd06cf-f792-4078-9e1b-add6954a6de2,,SERUM TOTAL PROTEIN,SERUM TOTAL PROTEIN,,,,,,,,,LabTest,Numeric,
7d4c18a2-36fd-4e5f-b387-e62d45d776a5,,Prothrombin Activity Inr/Prothrombin Index,Prothrombin Activity Inr/Prothrombin Index,,,,,,,,,LabTest,Text,
bec0e71b-452b-4107-ad97-285ae341e02a,,PSA,Prostatic Specified Antigen (Psa),,,,,,,,,LabTest,Text,
d68aac6a-97af-46ab-b84e-62960387c58c,,Pus swabs,Pus Swab - M/C/S,,,,,,,,,LabTest,Text,
020eb321-f806-4ee1-abe5-bb208fd33e5c,,Quantitative hCG test (or beta hCG or beta subunit) ,Quantitative hCG test (or beta hCG or beta subunit) ,,,,,,,,,LabTest,Text,
2e9f4729-7779-463a-9148-249f573acf6f,,Random Fasting Blood Sugar Rbs/Fbs,Random Fasting Blood Sugar Rbs/Fbs,,,,,,,,,LabTest,Numeric,
a466bd67-0c00-4f87-a9c7-11730be5536a,,RED CELL COUNT,RED CELL COUNT,,,,,,,,,LabTest,Text,
8919f1cc-f3e9-4917-a17e-6cdc074a6c18,,Renal,Renal function test U/E:C,,,,,,,,,LabTest,Text,
1b7d3835-7005-400b-a15f-8550e685d3d8,,Rheumatoid factor,RHEUMATOID FACTOR / RA FACTOR,,,,,,,,,LabTest,Text,
a22f55c5-1f00-462e-acef-be56505e241b,,RICKETTSIA (TICK BITE) PCR,RICKETTSIA (TICK BITE) PCR,,,,,,,,,LabTest,Text,
c493b70e-8bb0-40bd-84a4-5bb2699cc46b,,ROTA VIRUS,ROTA VIRUS,,,,,,,,,LabTest,Text,
33dbf7c6-7a6c-4fb3-96bb-082129599b0d,,Rota-Adeno In Stool,Rota-Adeno In Stool,,,,,,,,,LabTest,Text,
1e1718c2-d36a-4830-bb1c-9163b16125eb,,RPR-VDRL/KHAN TEST,RPR-VDRL/KHAN TEST,,,,,,,,,LabTest,Text,
07931ba1-b3c4-49b3-a034-100bfb912a5e,,Rubella  Antibodies  1G M,Rubella  Antibodies  1G M,,,,,,,,,LabTest,Text,
c10772ea-6c58-483a-bd7a-fc645a714101,,Rubella  Ig G,Rubella  Ig G,,,,,,,,,LabTest,Text,
fee8b36c-3636-43c9-a7bd-1a42edcfc91d,,RUBELLA IGG + IGM,RUBELLA IGG + IGM,,,,,,,,,LabTest,Text,
17555BBBBBBBBBBBBBBBBBBBBBBBBBBBBBBB,,SCHISTOSOMIASIS,BILHARZIA ANTIBODY,,,,,,,,,LabTest,Text,
17555BBBBBBBBBBBBBBBBBBBBBBBBBBBBBBB,,BILHARZIA ELISA IGG,BILHARZIA ELISA IGG,,,,,,,,,LabTest,Text,
928eb027-65c5-48b4-b375-be3f7753673a,,Semen,SEMEN - MCS (INCL UREA/MYCOPL),,,,,,,,,LabTest,Text,
73e292c6-38e4-41d0-9a42-f5dcb1c1c4a4,,Semen Analysis,SEMEN ANALYSIS,,,,,,,,,LabTest,Text,
86b52764-d24f-4900-beb7-0f5d91a4adc5,,Serum,SERUM ELECTROLYTES,,,,,,,,,LabTest,Text,
05ee43b3-e885-4ea2-9523-ecdc2ee39450,,SERUM BICOBONATE,SERUM BICOBONATE,,,,,,,,,LabTest,Text,
cde6e636-7188-4ca5-a5a0-a8d6c6bb2e7f,,Serum C Peptide,C-PEPTIDE,,,,,,,,,LabTest,Text,
a4650596-5555-4a39-8cbd-78a36d09cd5d,,SERUM CHLORIDE,SERUM CHLORIDE,,,,,,,,,LabTest,Text,
bf44c459-eca0-4cdb-81a7-aa6e3509a759,,SERUM CRAG,SERUM CRAG,,,,,,,,,LabTest,Text,
11bd7007-2ec1-400c-ba39-37de423ee4b2,,SERUM CRYPTOCOCCUS ANTIGEN,SERUM CRYPTOCOCCUS ANTIGEN,,,,,,,,,LabTest,Text,
5d095456-b855-4f65-b5f9-396cfc20f028,,SERUM IMMUNOFIXATION ELECTROPHORESIS,SERUM IMMUNOFIXATION ELECTROPHORESIS,,,,,,,,,LabTest,Text,
d5cc164f-1f90-477e-8d79-8df79908cf1d,,SERUM LITHIUM LEVELS,SERUM LITHIUM LEVELS,,,,,,,,,LabTest,Numeric,
20ffa4d1-2264-4304-aa18-acce759f32f1,,SERUM SODIUM,SERUM SODIUM,,,,,,,,,LabTest,Numeric,
43e48597-ea82-4d3e-a7fa-e0f4fdae054b,,SERUM UREA  AND  CREATININE,SERUM UREA  AND  CREATININE,,,,,,,,,LabTest,Text,
a505fd3a-6807-47ba-9a93-35ae72e534ff,,"SERUM UREA, ELECTROLYTES (U/E)","SERUM UREA, ELECTROLYTES (U/E)",,,,,,,,,LabTest,Text,
1485917c-a934-45df-b6d4-4175e6f66c3f,,SEXUAL HORMONE BINDING GLOBLU.,SEXUAL HORMONE BINDING GLOBLU.,,,,,,,,,LabTest,Text,
12120301-38e3-467d-ae5c-73e89f1b14fa,,SHAKE TEST,SHAKE TEST,,,,,,,,,LabTest,Text,
0aa150fe-46f3-4cdd-95a3-340b3ec0f956,,SHBG_TESTOSTERONE INDEX,SHBG_TESTOSTERONE INDEX,,,,,,,,,LabTest,Text,
42511186-d56f-4d67-bd2f-e581d299d5a9,,SICKLING PHENOTYPE SCREEN,SICKLING PHENOTYPE SCREEN,,,,,,,,,LabTest,Text,
72ae28f1-4be4-499a-a8f5-aff54a11c9e3,,Sickling Test,Sickling Test,,,,,,,,,LabTest,Text,
46362ea5-f9a5-4100-a832-b9e72a0c6882,,SKIN SMEAR FOR LEPROSY,SKIN SMEAR FOR LEPROSY,,,,,,,,,LabTest,Text,
b0c086cf-f878-498d-b34a-2a46e112f178,,SPERM ANTIBODIES (FRIBERG TEST),SPERM ANTIBODIES (FRIBERG TEST),,,,,,,,,LabTest,Text,
1afd9991-86f8-45ea-b35a-001b4bf408c3,,Sputum For Afb (Z N Stain),Sputum For Afb (Z N Stain),,,,,,,,,LabTest,Text,
9cd2c7bf-0f8f-4b1b-878c-c45bf96df951,,Sputum Microscopy,SPUTUM MICROSCOPY & CULTURE (AEROBIC),,,,,,,,,LabTest,Text,
dea6097c-6b6d-4fc2-9f91-4dc5e67e950d,,SPUTUM TB CULTURE  AND  SENSITIVITY,SPUTUM TB CULTURE  AND  SENSITIVITY,,,,,,,,,LabTest,Text,
38c9df67-29d6-4f3c-97bf-03516677d106,,STD PROFILE W/O HIV,STD PROFILE W/O HIV,,,,,,,,,LabTest,Text,
5b14a758-4f33-42aa-900e-f899774de2e1,,STD PROFILE WITH HIV,STD PROFILE WITH HIV,,,,,,,,,LabTest,Text,
5cdf7fe1-95f7-46c5-ab0d-049b0a20e85f,,Stool  Test For Ova And Cyst,Stool  Test For Ova And Cyst,,,,,,,,,LabTest,Text,
1386eb34-0f21-4f97-8f52-f50a6d4baad6,,STOOL FOR OVA AND CYST,STOOL FOR OVA AND CYST,,,,,,,,,LabTest,Text,
ce92001d-a950-48ca-bcd9-07f6a68b001d,,Stool Microscopy with Concetration,STOOL ROUTINE/MICROSCOPY (CONCENTRATION),,,,,,,,,LabTest,Text,
4bdc27e9-ed64-461f-8ef2-1033810d3b41,,Stool occult blood,Stool For Occult Blood,,,,,,,,,LabTest,Text,
b5a399bb-5fd5-4516-84c9-45527a649f43,,STOOL ROUTINE&  CULTURE& SENSITIVITY,STOOL ROUTINE&  CULTURE& SENSITIVITY,,,,,,,,,LabTest,Text,
a7d36322-5c61-4526-80dc-5774f49c5b9a,,STOOL SALMONELLA ANTIGEN,STOOL SALMONELLA ANTIGEN,,,,,,,,,LabTest,Text,
17889dab-f6d0-4770-abcb-f7ad207d2daa,,SURFACTANT TEST,SURFACTANT TEST,,,,,,,,,LabTest,Text,
77d3ecca-16fa-4d0f-8be2-7f584b5e5b76,,SYPHILIS - T.PALLIDUM IGM [ELISA],SYPHILIS - T.PALLIDUM IGM [ELISA],,,,,,,,,LabTest,Text,
e3c61260-679e-4063-9462-9fdf5094d82f,,Syphillis,SYPHILLIS (RPR + T.PALLID)CSF,,,,,,,,,LabTest,Text,
67069788-f4e7-4d0e-b227-4780472bdd9c,,TEGRETOL(CARBAMEZAPINE),TEGRETOL(CARBAMEZAPINE),,,,,,,,,LabTest,Text,
8ef57d6a-aa7b-46d2-8345-47964738e2f4,,Thyroid Anto Immune Antibodies,Thyroid Anto Immune Antibodies,,,,,,,,,LabTest,Text,
667fbfb9-1362-4e9a-8158-0faec954b0ef,,Thyroid Function Test (T3 T4 Tsh),Thyroid Function Test (T3 T4 Tsh),,,,,,,,,LabTest,Text,
abeb7789-57b6-4ea1-b434-d6690ed4c09c,,THYROIDAL THYROGLOBULIN ABS.,THYROIDAL THYROGLOBULIN ABS.,,,,,,,,,LabTest,Text,
7205eb4b-2cc5-45bf-bc3c-3632a8bb38a2,,TOTAL IRON BINDING CAPACITY,TOTAL IRON BINDING CAPACITY,,,,,,,,,LabTest,Text,
3f04cd4c-2eee-4ea7-a639-4364fd6c8db5,,Toxoplasma IgG,Toxoplasma IgG,,,,,,,,,LabTest,Text,
f676dade-24c0-4b5b-bbca-130c1f08ff6e,,Toxoplasma IgG IgM,Toxoplasma IgG IgM,,,,,,,,,LabTest,Text,
cd2ef148-ed5e-49a4-99f9-ed3b68518654,,Toxoplasma IgM,Toxoplasma IgM,,,,,,,,,LabTest,Text,
650b9837-e926-4adb-b704-b2a8159d13ac,,TPHA TREPONEMAL HEMAGLUTINATION ASSAY,TPHA TREPONEMAL HEMAGLUTINATION ASSAY,,,,,,,,,LabTest,Text,
6182b6ea-db32-4df9-95ea-2608956ec7e5,,TREPONEMA PALLIDUM FTA IFA Ab IGG,TREPONEMA PALLIDUM FTA IFA Ab IGG,,,,,,,,,LabTest,Text,
a5617738-bf16-432b-b1a8-9bdd92ffba9e,,Triglyceride,TRIGLYCERIDES (TRIG),,,,,,,,,LabTest,Numeric,
d9f1d45c-4b47-4792-b365-6bde54a6a618,,TRYPANOSOME SCREEN (THICK&THIN),TRYPANOSOME SCREEN (THICK&THIN),,,,,,,,,LabTest,Text,
839d0208-b4dd-454c-b494-9d1c040022c0,,Urea Electrolytes And Creatinine,Urea Electrolytes And Creatinine,,,,,,,,,LabTest,Text,
ffa14d6a-59de-4199-b46b-7dc3d7b3a226,,Urea Nitrogen,BLOOD UREA NITROGEN  (UREA),,,,,,,,,LabTest,Numeric,
07fb6f7c-e73d-4808-8c10-e7d57beec016,,URETHRAL SWAB MICROSCOPY,URETHRAL SWAB MICROSCOPY,,,,,,,,,LabTest,Text,
f65ca67d-5ded-4deb-899b-981381f55a24,,URETHRAL SWAB MICROSCOPY CULTURE AND SENSITIVITY,URETHRAL SWAB MICROSCOPY CULTURE AND SENSITIVITY,,,,,,,,,LabTest,Text,
1d68b400-3c92-4a40-a74f-edaf7f4d92e3,,Uric acid,Uric Acid,,,,,,,,,LabTest,Text,
578716c5-a7c4-4812-94f3-042f1c9f46b3,,urinalysis,urinalysis,,,,,,,,,LabTest,Text,
6428c477-f67e-4299-b624-932866a45167,,URINE CALCIUM (24 HR),URINE CALCIUM (24 HR),,,,,,,,,LabTest,Text,
0f1c63de-17d5-4fa8-ae2b-2a979b1cdc0a,,"Urine Chemistry,Microscopy,Culture & Sensitivity","Urine Chemistry,Microscopy,Culture & Sensitivity",,,,,,,,,LabTest,Text,
e59baa3c-79da-425c-b771-ae573b676282,,Urine Creatinine,Urine Creatinine,,,,,,,,,LabTest,Numeric,
0ca29eb6-48be-428b-9136-2e0b8f9bbee5,,URINE IMMUNOFIXATION ELECTROPHORESIS (IFE),URINE IMMUNOFIXATION ELECTROPHORESIS (IFE),,,,,,,,,LabTest,Text,
73c4ffb1-d501-4dab-86ed-1503eb45a717,,Urine Microscopy,Urine: Microscopy/ Sediment,,,,,,,,,LabTest,Text,
d4254e21-cb14-4b02-b851-0083b96a2c6b,,URINE PARASITES (ALL FORMS),URINE PARASITES (ALL FORMS),,,,,,,,,LabTest,Text,
3e4ba39b-a81e-4ba5-bfc3-5b684b62ad1a,,Urine: Urinalysis (strip),Urine: Urinalysis (strip),,,,,,,,,LabTest,Text,
ffa61758-5521-463b-a8a6-ca074f407fd2,,Valproic Acid,VALPROIC ACID,,,,,,,,,LabTest,Text,
d83a9a1a-768d-4428-a68d-77e6f0dcead7,,Vanillinmandelic Acid (Vma),Vanillinmandelic Acid (Vma),,,,,,,,,LabTest,Text,
2364BBBBBBBBBBBBBBBBBBBBBBBBBBBBBBBB,,Varicella,"VARICELLA ZOSTER PACKAGE IGG, IGM",,,,,,,,,LabTest,Text,
61829f2e-091e-4539-88df-98feee549d46,,Vdrl,Vdrl,,,,,,,,,LabTest,Text,
3094247e-86c6-4c66-89d0-39316a7832cb,,Viral load,VIRAL LOAD,,,,,,,,,LabTest,Numeric,
f5be4b56-9b32-49df-b0e4-0de8622f7c05,,VITAMIN D (25-OH D3),VITAMIN D (25-OH D3),,,,,,,,,LabTest,Text,
2f472c71-b3c1-4c71-97a1-cd611c3b55c4,,VON WILLEBRANDS SCREEN,VON WILLEBRANDS SCREEN,,,,,,,,,LabTest,Text,
c54b0e61-7a7d-4a07-a8e6-3e658f9b6f5b,,White Count (Total & Differential),White Count (Total & Differential),,,,,,,,,LabTest,Text,
e80c39cf-5880-4106-919d-a723c9ecb49b,,WIDAL (TYPHI & PARATYPHI),WIDAL (TYPHI & PARATYPHI),,,,,,,,,LabTest,Text,
adb1bce7-607f-411e-8f25-d98434f45834,,Carepay Orders,,,,,,,,,,Sample,N/A,